{
    "utterances": [
        {
            "text": "?",
            "entities": [],
            "traits": [],
            "intent": "get_help"
        },
        {
            "text": "Get help",
            "entities": [],
            "traits": [],
            "intent": "get_help"
        },
        {
            "text": "How do I use you",
            "entities": [],
            "traits": [],
            "intent": "get_help"
        },
        {
            "text": "I want an account",
            "entities": [],
            "traits": [],
            "intent": "register"
        },
        {
            "text": "List chatrooms",
            "entities": [],
            "traits": [],
            "intent": "get_chatrooms"
        },
        {
            "text": "Show me 7 messages from wii",
            "entities": [],
            "traits": [],
            "intent": "get_messages"
        },
        {
            "text": "Show me available chat rooms",
            "entities": [],
            "traits": [],
            "intent": "get_chatrooms"
        },
        {
            "text": "Show me available chatrooms",
            "entities": [],
            "traits": [],
            "intent": "get_chatrooms"
        },
        {
            "text": "Signout",
            "entities": [],
            "traits": [],
            "intent": "logout"
        },
        {
            "text": "What can I do",
            "entities": [],
            "traits": [],
            "intent": "get_help"
        },
        {
            "text": "What chatrooms does this service have",
            "entities": [],
            "traits": [],
            "intent": "get_chatrooms"
        },
        {
            "text": "chatroom",
            "entities": [],
            "traits": [],
            "intent": "get_chatrooms"
        },
        {
            "text": "chatrooms",
            "entities": [],
            "traits": [],
            "intent": "get_chatrooms"
        },
        {
            "text": "create post",
            "entities": [],
            "traits": [],
            "intent": "create_message"
        },
        {
            "text": "display the 4 most recent post from memorial unioon",
            "entities": [],
            "traits": [],
            "intent": "get_messages"
        },
        {
            "text": "get latest post",
            "entities": [],
            "traits": [],
            "intent": "get_messages"
        },
        {
            "text": "get messages",
            "entities": [],
            "traits": [],
            "intent": "get_messages"
        },
        {
            "text": "get messages from union",
            "entities": [
                {
                    "entity": "classrooms:classrooms",
                    "start": 18,
                    "end": 23,
                    "body": "union",
                    "entities": []
                }
            ],
            "traits": [],
            "intent": "get_messages"
        },
        {
            "text": "get messages from whitte",
            "entities": [
                {
                    "entity": "classrooms:classrooms",
                    "start": 18,
                    "end": 24,
                    "body": "whitte",
                    "entities": []
                }
            ],
            "traits": [],
            "intent": "get_messages"
        },
        {
            "text": "get messages from whitte whispers",
            "entities": [
                {
                    "entity": "classrooms:classrooms",
                    "start": 18,
                    "end": 33,
                    "body": "whitte whispers",
                    "entities": []
                }
            ],
            "traits": [],
            "intent": "get_messages"
        },
        {
            "text": "get more messages",
            "entities": [],
            "traits": [],
            "intent": "get_messages"
        },
        {
            "text": "give me the 4 latest posts",
            "entities": [],
            "traits": [],
            "intent": "get_messages"
        },
        {
            "text": "help",
            "entities": [],
            "traits": [],
            "intent": "get_help"
        },
        {
            "text": "let's make an account",
            "entities": [],
            "traits": [],
            "intent": "register"
        },
        {
            "text": "lets make an account",
            "entities": [],
            "traits": [],
            "intent": "register"
        },
        {
            "text": "log",
            "entities": [],
            "traits": [],
            "intent": "login"
        },
        {
            "text": "log in",
            "entities": [],
            "traits": [],
            "intent": "login"
        },
        {
            "text": "log me in",
            "entities": [],
            "traits": [],
            "intent": "login"
        },
        {
            "text": "log me out please",
            "entities": [],
            "traits": [],
            "intent": "logout"
        },
        {
            "text": "login",
            "entities": [],
            "traits": [],
            "intent": "login"
        },
        {
            "text": "logout",
            "entities": [],
            "traits": [],
            "intent": "logout"
        },
        {
            "text": "make a most to union meetups",
            "entities": [],
            "traits": [],
            "intent": "get_messages"
        },
        {
            "text": "make a post",
            "entities": [],
            "traits": [],
            "intent": "create_message"
        },
        {
            "text": "make a post in south socials",
            "entities": [],
            "traits": [],
            "intent": "create_message"
        },
        {
            "text": "make a post to bascom",
            "entities": [],
            "traits": [],
            "intent": "create_message"
        },
        {
            "text": "make a post to white",
            "entities": [],
            "traits": [],
            "intent": "create_message"
        },
        {
            "text": "make a post to whitte",
            "entities": [
                {
                    "entity": "classrooms:classrooms",
                    "start": 15,
                    "end": 21,
                    "body": "whitte",
                    "entities": []
                }
            ],
            "traits": [],
            "intent": "create_message"
        },
        {
            "text": "make a post to whitte whispers",
            "entities": [
                {
                    "entity": "classrooms:classrooms",
                    "start": 15,
                    "end": 30,
                    "body": "whitte whispers",
                    "entities": []
                }
            ],
            "traits": [],
            "intent": "create_message"
        },
        {
            "text": "make a post to witte",
            "entities": [],
            "traits": [],
            "intent": "create_message"
        },
        {
            "text": "please log me in",
            "entities": [],
            "traits": [],
            "intent": "login"
        },
        {
            "text": "post a chat in whitte",
            "entities": [],
            "traits": [],
            "intent": "create_message"
        },
        {
            "text": "post a chat to witte",
            "entities": [],
            "traits": [],
            "intent": "create_message"
        },
        {
            "text": "post to whitte",
            "entities": [],
            "traits": [],
            "intent": "create_message"
        },
        {
            "text": "register",
            "entities": [],
            "traits": [],
            "intent": "register"
        },
        {
            "text": "show me the most recent message in bascom hill poggers",
            "entities": [],
            "traits": [],
            "intent": "get_messages"
        },
        {
            "text": "show me the most recent possible post",
            "entities": [],
            "traits": [],
            "intent": "get_messages"
        },
        {
            "text": "show me the most recent post",
            "entities": [],
            "traits": [],
            "intent": "get_messages"
        },
        {
            "text": "show messages",
            "entities": [],
            "traits": [],
            "intent": "get_messages"
        },
        {
            "text": "sign in",
            "entities": [],
            "traits": [],
            "intent": "login"
        },
        {
            "text": "sign me up",
            "entities": [],
            "traits": [],
            "intent": "register"
        },
        {
            "text": "what chatrooms are there",
            "entities": [],
            "traits": [],
            "intent": "get_chatrooms"
        }
    ]
}
