{
    "name": "classrooms",
    "roles": [
        "classrooms"
    ],
    "lookups": [
        "keywords"
    ],
    "keywords": [
        {
            "keyword": "babcock Banter",
            "synonyms": [
                "babcock",
                "babcock Banter",
                "cock banter"
            ]
        },
        {
            "keyword": "bascom hill hangout",
            "synonyms": [
                "bascom hill",
                "bascom hill hangout",
                "bascom hnagout",
                "hill hangout"
            ]
        },
        {
            "keyword": "chadbourne chats",
            "synonyms": [
                "chad chats",
                "chadbourne",
                "chadbourne chats"
            ]
        },
        {
            "keyword": "humanities hubbub",
            "synonyms": [
                "hubbub",
                "hum hubbub",
                "humanities",
                "humanities hubbub"
            ]
        },
        {
            "keyword": "memorial union meetups",
            "synonyms": [
                "memorial",
                "memorial meetup",
                "memorial meetups",
                "memorial union meetups",
                "union",
                "union meetup",
                "union meetups"
            ]
        },
        {
            "keyword": "red gym rendezvous",
            "synonyms": [
                "red gym",
                "red gym rendezvous",
                "red rendezvous"
            ]
        },
        {
            "keyword": "whitte whispers",
            "synonyms": [
                "whispers",
                "whitte",
                "whitte whispers"
            ]
        }
    ]
}
