{
    "utterances": [
        {
            "text": "I'd like to talk to someone new",
            "entities": [],
            "traits": [],
            "intent": "next_person"
        },
        {
            "text": "another chatter",
            "entities": [],
            "traits": [],
            "intent": "next_person"
        },
        {
            "text": "cats or dogs?",
            "entities": [],
            "traits": [],
            "intent": "get_preference"
        },
        {
            "text": "cats?",
            "entities": [],
            "traits": [],
            "intent": "get_preference"
        },
        {
            "text": "could you help me",
            "entities": [],
            "traits": [],
            "intent": "get_help"
        },
        {
            "text": "do you like pets?",
            "entities": [],
            "traits": [],
            "intent": "get_preference"
        },
        {
            "text": "dogs?",
            "entities": [],
            "traits": [],
            "intent": "get_preference"
        },
        {
            "text": "doompa",
            "entities": [],
            "traits": []
        },
        {
            "text": "get help",
            "entities": [],
            "traits": [],
            "intent": "get_help"
        },
        {
            "text": "get me someone else",
            "entities": [],
            "traits": [],
            "intent": "next_person"
        },
        {
            "text": "get outa here",
            "entities": [],
            "traits": [],
            "intent": "next_person"
        },
        {
            "text": "help",
            "entities": [],
            "traits": [],
            "intent": "get_help"
        },
        {
            "text": "help me please",
            "entities": [],
            "traits": [],
            "intent": "get_help"
        },
        {
            "text": "hi there",
            "entities": [],
            "traits": [],
            "intent": "get_name"
        },
        {
            "text": "home?",
            "entities": [],
            "traits": [],
            "intent": "get_home_country"
        },
        {
            "text": "identify",
            "entities": [],
            "traits": [],
            "intent": "get_name"
        },
        {
            "text": "identify yourself",
            "entities": [],
            "traits": [],
            "intent": "get_name"
        },
        {
            "text": "leave",
            "entities": [],
            "traits": [],
            "intent": "next_person"
        },
        {
            "text": "name?",
            "entities": [],
            "traits": [],
            "intent": "get_name"
        },
        {
            "text": "new",
            "entities": [],
            "traits": [],
            "intent": "next_person"
        },
        {
            "text": "next",
            "entities": [],
            "traits": [],
            "intent": "next_person"
        },
        {
            "text": "next chatter",
            "entities": [],
            "traits": [],
            "intent": "next_person"
        },
        {
            "text": "next person please",
            "entities": [],
            "traits": [],
            "intent": "next_person"
        },
        {
            "text": "oh fuck oh shit",
            "entities": [],
            "traits": [],
            "intent": "get_help"
        },
        {
            "text": "oompa loompa",
            "entities": [],
            "traits": []
        },
        {
            "text": "pet?",
            "entities": [],
            "traits": [],
            "intent": "get_preference"
        },
        {
            "text": "someone else please",
            "entities": [],
            "traits": [],
            "intent": "next_person"
        },
        {
            "text": "thank you",
            "entities": [],
            "traits": []
        },
        {
            "text": "thanks",
            "entities": [],
            "traits": []
        },
        {
            "text": "what are you called?",
            "entities": [],
            "traits": [],
            "intent": "get_name"
        },
        {
            "text": "what can i do",
            "entities": [],
            "traits": [],
            "intent": "get_help"
        },
        {
            "text": "what can you do for me",
            "entities": [],
            "traits": [],
            "intent": "get_help"
        },
        {
            "text": "what could I call you?",
            "entities": [],
            "traits": [],
            "intent": "get_name"
        },
        {
            "text": "what country are you from",
            "entities": [],
            "traits": [],
            "intent": "get_home_country"
        },
        {
            "text": "what do they call you?",
            "entities": [],
            "traits": [],
            "intent": "get_name"
        },
        {
            "text": "what is your name?",
            "entities": [],
            "traits": [],
            "intent": "get_name"
        },
        {
            "text": "what is your native land?",
            "entities": [],
            "traits": [],
            "intent": "get_home_country"
        },
        {
            "text": "what type of pet do you like?",
            "entities": [],
            "traits": [],
            "intent": "get_preference"
        },
        {
            "text": "what's your favorite pet",
            "entities": [],
            "traits": [],
            "intent": "get_preference"
        },
        {
            "text": "what's your name?",
            "entities": [],
            "traits": [],
            "intent": "get_name"
        },
        {
            "text": "where",
            "entities": [],
            "traits": [],
            "intent": "get_home_country"
        },
        {
            "text": "where are you from",
            "entities": [],
            "traits": [],
            "intent": "get_home_country"
        },
        {
            "text": "where are you from        ?",
            "entities": [],
            "traits": [],
            "intent": "get_home_country"
        },
        {
            "text": "where are you from mr marlon",
            "entities": [],
            "traits": [],
            "intent": "get_home_country"
        },
        {
            "text": "where do you hail from",
            "entities": [],
            "traits": [],
            "intent": "get_home_country"
        },
        {
            "text": "where home country?",
            "entities": [],
            "traits": [],
            "intent": "get_home_country"
        },
        {
            "text": "where is your home?",
            "entities": [],
            "traits": [],
            "intent": "get_home_country"
        },
        {
            "text": "where's your home",
            "entities": [],
            "traits": [],
            "intent": "get_home_country"
        },
        {
            "text": "who are you",
            "entities": [],
            "traits": [],
            "intent": "get_name"
        },
        {
            "text": "who are you?",
            "entities": [],
            "traits": [],
            "intent": "get_name"
        }
    ]
}
